Neighbourhood,African Restaurant,American Restaurant,Antique Shop,Aquarium,Argentinian Restaurant,Art Gallery,Art Museum,Arts & Crafts Store,Asian Restaurant,Athletics & Sports,Australian Restaurant,BBQ Joint,Bakery,Bar,Beach,Beer Bar,Beer Garden,Beer Store,Bike Shop,Bistro,Bookstore,Brazilian Restaurant,Breakfast Spot,Brewery,Building,Burger Joint,Bus Station,Bus Stop,Caf√©,Caribbean Restaurant,Cheese Shop,Chinese Restaurant,Climbing Gym,Clothing Store,Cocktail Bar,Coffee Shop,Comedy Club,Community Center,Concert Hall,Convenience Store,Creperie,Cricket Ground,Cupcake Shop,Dance Studio,Deli / Bodega,Department Store,Dessert Shop,Diner,Discount Store,Distillery,Doner Restaurant,Dumpling Restaurant,Empanada Restaurant,English Restaurant,Ethiopian Restaurant,Event Space,Falafel Restaurant,Farm,Farmers Market,Fast Food Restaurant,Fish & Chips Shop,Fish Market,Flea Market,Flower Shop,Food & Drink Shop,Food Court,Food Truck,Forest,French Restaurant,Fruit & Vegetable Store,Furniture / Home Store,Gaming Cafe,Garden,Garden Center,Gas Station,Gastropub,Gay Bar,General Entertainment,Gift Shop,Golf Course,Gourmet Shop,Greek Restaurant,Grocery Store,Gym,Gym / Fitness Center,Gym Pool,Harbor / Marina,Hardware Store,Himalayan Restaurant,Historic Site,History Museum,Hookah Bar,Hostel,Hotel,Hungarian Restaurant,Ice Cream Shop,Indian Restaurant,Indie Movie Theater,Indoor Play Area,Irish Pub,Italian Restaurant,Japanese Restaurant,Jazz Club,Juice Bar,Kebab Restaurant,Kids Store,Lake,Latin American Restaurant,Lebanese Restaurant,Locksmith,Malay Restaurant,Market,Mediterranean Restaurant,Mexican Restaurant,Middle Eastern Restaurant,Mini Golf,Modern European Restaurant,Monument / Landmark,Motorcycle Shop,Movie Theater,Museum,Music Venue,Nature Preserve,New American Restaurant,Observatory,Okonomiyaki Restaurant,Outdoor Sculpture,Pakistani Restaurant,Park,Performing Arts Venue,Persian Restaurant,Peruvian Restaurant,Pet Store,Pharmacy,Pie Shop,Pizza Place,Planetarium,Platform,Playground,Plaza,Polish Restaurant,Pool,Pool Hall,Portuguese Restaurant,Pub,RV Park,Ramen Restaurant,Record Shop,Recreation Center,Restaurant,Rugby Pitch,Sake Bar,Salad Place,Sandwich Place,Scenic Lookout,Sculpture Garden,Seafood Restaurant,Shopping Mall,Shopping Plaza,Skate Park,Soccer Field,Soccer Stadium,Spanish Restaurant,Speakeasy,Sporting Goods Shop,Sri Lankan Restaurant,Stadium,Street Art,Street Food Gathering,Supermarket,Sushi Restaurant,Taco Place,Tapas Restaurant,Tea Room,Thai Restaurant,Theater,Thrift / Vintage Store,Tourist Information Center,Track,Track Stadium,Trail,Train Station,Tram Station,Turkish Restaurant,Vegetarian / Vegan Restaurant,Vietnamese Restaurant,Warehouse Store,Windmill,Wine Bar,Wine Shop,Xinjiang Restaurant,Yoga Studio,Zoo Exhibit
Bankside,0.0,0.01,0.0,0.0,0.0,0.01,0.02,0.0,0.01,0.0,0.0,0.0,0.03,0.01,0.01,0.0,0.0,0.01,0.01,0.0,0.0,0.0,0.01,0.0,0.0,0.02,0.0,0.0,0.02,0.0,0.01,0.0,0.0,0.0,0.02,0.1,0.0,0.0,0.0,0.01,0.01,0.0,0.0,0.0,0.0,0.0,0.0,0.0,0.0,0.0,0.0,0.0,0.01,0.0,0.0,0.0,0.0,0.0,0.01,0.0,0.01,0.0,0.0,0.0,0.01,0.0,0.0,0.0,0.01,0.0,0.0,0.0,0.03,0.0,0.0,0.01,0.0,0.0,0.0,0.0,0.0,0.0,0.03,0.01,0.0,0.0,0.0,0.0,0.0,0.0,0.01,0.0,0.0,0.05,0.0,0.01,0.0,0.0,0.0,0.0,0.05,0.0,0.0,0.01,0.0,0.0,0.0,0.0,0.0,0.0,0.0,0.0,0.0,0.0,0.0,0.0,0.01,0.0,0.0,0.01,0.0,0.01,0.0,0.0,0.0,0.0,0.0,0.0,0.03,0.01,0.0,0.01,0.0,0.0,0.0,0.02,0.0,0.0,0.0,0.0,0.0,0.0,0.0,0.01,0.08,0.0,0.0,0.0,0.0,0.0,0.0,0.0,0.0,0.0,0.02,0.0,0.02,0.0,0.0,0.01,0.0,0.0,0.01,0.0,0.0,0.0,0.0,0.0,0.04,0.0,0.0,0.01,0.02,0.0,0.01,0.05,0.0,0.0,0.0,0.0,0.01,0.0,0.0,0.0,0.0,0.01,0.0,0.0,0.02,0.0,0.0,0.0,0.0
Bellingham,0.0,0.0,0.0,0.0,0.0,0.0,0.0,0.0,0.0,0.0,0.0,0.0,0.014705882352941176,0.014705882352941176,0.0,0.0,0.0,0.0,0.0,0.0,0.0,0.0,0.0,0.0,0.014705882352941176,0.0,0.0,0.014705882352941176,0.058823529411764705,0.0,0.0,0.0,0.0,0.014705882352941176,0.014705882352941176,0.04411764705882353,0.0,0.0,0.0,0.0,0.0,0.0,0.0,0.0,0.0,0.0,0.014705882352941176,0.0,0.014705882352941176,0.0,0.0,0.0,0.0,0.0,0.0,0.0,0.0,0.0,0.0,0.04411764705882353,0.0,0.0,0.0,0.0,0.0,0.0,0.0,0.0,0.0,0.0,0.014705882352941176,0.0,0.0,0.0,0.0,0.0,0.0,0.0,0.0,0.0,0.0,0.014705882352941176,0.14705882352941177,0.0,0.014705882352941176,0.0,0.0,0.029411764705882353,0.0,0.0,0.0,0.0,0.0,0.0,0.0,0.0,0.014705882352941176,0.0,0.014705882352941176,0.0,0.04411764705882353,0.014705882352941176,0.0,0.0,0.0,0.0,0.0,0.0,0.0,0.0,0.0,0.0,0.0,0.0,0.0,0.0,0.0,0.0,0.0,0.0,0.0,0.0,0.0,0.0,0.0,0.0,0.0,0.0,0.08823529411764706,0.0,0.0,0.0,0.014705882352941176,0.014705882352941176,0.0,0.014705882352941176,0.0,0.029411764705882353,0.0,0.0,0.0,0.0,0.0,0.014705882352941176,0.04411764705882353,0.0,0.0,0.0,0.0,0.0,0.0,0.0,0.0,0.014705882352941176,0.0,0.0,0.0,0.014705882352941176,0.0,0.0,0.0,0.0,0.0,0.0,0.0,0.0,0.0,0.0,0.0,0.08823529411764706,0.0,0.0,0.0,0.0,0.0,0.014705882352941176,0.0,0.0,0.0,0.0,0.014705882352941176,0.029411764705882353,0.0,0.014705882352941176,0.0,0.0,0.014705882352941176,0.0,0.0,0.0,0.0,0.0,0.0
Bermondsey,0.0,0.01,0.0,0.0,0.0,0.01,0.02,0.0,0.01,0.0,0.0,0.0,0.03,0.01,0.01,0.0,0.0,0.01,0.01,0.0,0.0,0.0,0.01,0.0,0.0,0.02,0.0,0.0,0.02,0.0,0.01,0.0,0.0,0.0,0.02,0.1,0.0,0.0,0.0,0.01,0.01,0.0,0.0,0.0,0.0,0.0,0.0,0.0,0.0,0.0,0.0,0.0,0.01,0.0,0.0,0.0,0.0,0.0,0.01,0.0,0.01,0.0,0.0,0.0,0.01,0.0,0.0,0.0,0.01,0.0,0.0,0.0,0.03,0.0,0.0,0.01,0.0,0.0,0.0,0.0,0.0,0.0,0.03,0.01,0.0,0.0,0.0,0.0,0.0,0.0,0.01,0.0,0.0,0.05,0.0,0.01,0.0,0.0,0.0,0.0,0.05,0.0,0.0,0.01,0.0,0.0,0.0,0.0,0.0,0.0,0.0,0.0,0.0,0.0,0.0,0.0,0.01,0.0,0.0,0.01,0.0,0.01,0.0,0.0,0.0,0.0,0.0,0.0,0.03,0.01,0.0,0.01,0.0,0.0,0.0,0.02,0.0,0.0,0.0,0.0,0.0,0.0,0.0,0.01,0.08,0.0,0.0,0.0,0.0,0.0,0.0,0.0,0.0,0.0,0.02,0.0,0.02,0.0,0.0,0.01,0.0,0.0,0.01,0.0,0.0,0.0,0.0,0.0,0.04,0.0,0.0,0.01,0.02,0.0,0.01,0.05,0.0,0.0,0.0,0.0,0.01,0.0,0.0,0.0,0.0,0.01,0.0,0.0,0.02,0.0,0.0,0.0,0.0
Blackheath,0.0,0.010869565217391304,0.0,0.0,0.010869565217391304,0.0,0.0,0.0,0.0,0.0,0.0,0.0,0.03260869565217391,0.010869565217391304,0.0,0.0,0.0,0.010869565217391304,0.0,0.0,0.0,0.0,0.010869565217391304,0.0,0.0,0.0,0.0,0.021739130434782608,0.03260869565217391,0.0,0.0,0.010869565217391304,0.0,0.021739130434782608,0.0,0.05434782608695652,0.0,0.0,0.010869565217391304,0.0,0.0,0.0,0.0,0.0,0.0,0.010869565217391304,0.0,0.0,0.0,0.0,0.010869565217391304,0.0,0.0,0.0,0.0,0.0,0.0,0.0,0.010869565217391304,0.010869565217391304,0.0,0.0,0.0,0.0,0.0,0.0,0.0,0.0,0.010869565217391304,0.0,0.010869565217391304,0.0,0.03260869565217391,0.0,0.0,0.010869565217391304,0.0,0.0,0.0,0.0,0.0,0.010869565217391304,0.06521739130434782,0.010869565217391304,0.021739130434782608,0.0,0.0,0.0,0.010869565217391304,0.021739130434782608,0.0,0.0,0.0,0.010869565217391304,0.0,0.0,0.021739130434782608,0.0,0.0,0.010869565217391304,0.03260869565217391,0.0,0.0,0.0,0.0,0.0,0.0,0.0,0.0,0.010869565217391304,0.0,0.0,0.0,0.0,0.0,0.0,0.0,0.0,0.0,0.0,0.0,0.0,0.010869565217391304,0.0,0.010869565217391304,0.0,0.010869565217391304,0.0,0.05434782608695652,0.0,0.0,0.0,0.010869565217391304,0.0,0.0,0.021739130434782608,0.010869565217391304,0.0,0.010869565217391304,0.0,0.0,0.010869565217391304,0.0,0.0,0.13043478260869565,0.0,0.0,0.0,0.010869565217391304,0.010869565217391304,0.010869565217391304,0.0,0.0,0.0,0.0,0.0,0.0,0.0,0.010869565217391304,0.0,0.0,0.010869565217391304,0.0,0.0,0.0,0.0,0.0,0.0,0.0,0.03260869565217391,0.0,0.0,0.010869565217391304,0.0,0.010869565217391304,0.0,0.0,0.0,0.0,0.0,0.0,0.010869565217391304,0.0,0.0,0.0,0.0,0.0,0.0,0.010869565217391304,0.0,0.0,0.0,0.010869565217391304
Brixton,0.01,0.0,0.0,0.0,0.0,0.01,0.0,0.0,0.0,0.0,0.0,0.01,0.02,0.03,0.0,0.03,0.0,0.01,0.01,0.0,0.0,0.0,0.0,0.03,0.0,0.02,0.0,0.0,0.1,0.01,0.0,0.0,0.0,0.0,0.04,0.06,0.0,0.0,0.0,0.01,0.01,0.01,0.0,0.01,0.01,0.0,0.0,0.0,0.0,0.0,0.0,0.0,0.0,0.0,0.01,0.0,0.02,0.0,0.01,0.0,0.01,0.0,0.0,0.0,0.0,0.01,0.0,0.0,0.0,0.0,0.0,0.01,0.0,0.0,0.0,0.02,0.0,0.0,0.0,0.0,0.0,0.01,0.03,0.0,0.01,0.0,0.0,0.0,0.0,0.0,0.0,0.0,0.0,0.0,0.0,0.0,0.02,0.0,0.0,0.0,0.04,0.0,0.0,0.0,0.01,0.0,0.0,0.0,0.0,0.0,0.0,0.02,0.0,0.0,0.04,0.0,0.0,0.0,0.0,0.0,0.0,0.0,0.0,0.0,0.0,0.01,0.0,0.0,0.06,0.0,0.0,0.0,0.0,0.0,0.01,0.03,0.0,0.0,0.0,0.01,0.0,0.0,0.0,0.01,0.06,0.0,0.01,0.01,0.0,0.01,0.0,0.0,0.0,0.0,0.0,0.0,0.0,0.0,0.0,0.0,0.0,0.0,0.0,0.0,0.0,0.0,0.0,0.0,0.0,0.01,0.0,0.0,0.01,0.0,0.0,0.0,0.01,0.0,0.0,0.0,0.0,0.0,0.0,0.01,0.0,0.01,0.0,0.0,0.0,0.0,0.01,0.01,0.0
Brockley,0.0,0.0,0.0,0.0,0.0,0.0,0.0,0.0,0.0,0.0,0.0,0.0,0.02,0.03,0.0,0.0,0.0,0.02,0.0,0.0,0.0,0.0,0.01,0.02,0.0,0.0,0.0,0.0,0.07,0.0,0.0,0.0,0.0,0.0,0.03,0.12,0.0,0.0,0.01,0.0,0.0,0.0,0.0,0.0,0.02,0.0,0.0,0.0,0.0,0.0,0.0,0.0,0.0,0.0,0.0,0.0,0.0,0.0,0.01,0.0,0.02,0.0,0.0,0.0,0.0,0.0,0.03,0.0,0.01,0.0,0.0,0.0,0.0,0.01,0.0,0.03,0.0,0.0,0.0,0.0,0.01,0.0,0.01,0.0,0.02,0.0,0.0,0.0,0.0,0.0,0.0,0.0,0.0,0.01,0.01,0.0,0.02,0.01,0.0,0.0,0.03,0.0,0.0,0.0,0.0,0.0,0.0,0.0,0.01,0.0,0.01,0.0,0.01,0.0,0.0,0.0,0.0,0.0,0.0,0.0,0.0,0.0,0.0,0.0,0.0,0.0,0.0,0.01,0.06,0.01,0.0,0.0,0.0,0.0,0.0,0.02,0.0,0.0,0.0,0.0,0.0,0.0,0.0,0.0,0.15,0.0,0.0,0.0,0.0,0.02,0.0,0.0,0.0,0.01,0.01,0.0,0.0,0.0,0.0,0.0,0.0,0.0,0.0,0.01,0.0,0.01,0.0,0.0,0.01,0.02,0.0,0.0,0.0,0.0,0.0,0.01,0.0,0.0,0.0,0.0,0.0,0.01,0.0,0.02,0.01,0.0,0.0,0.0,0.0,0.0,0.0,0.0,0.0
Camberwell,0.01,0.0,0.0,0.0,0.0,0.01,0.0,0.0,0.0,0.0,0.0,0.01,0.02,0.03,0.0,0.03,0.0,0.01,0.01,0.0,0.0,0.0,0.0,0.03,0.0,0.02,0.0,0.0,0.1,0.01,0.0,0.0,0.0,0.0,0.04,0.06,0.0,0.0,0.0,0.01,0.01,0.01,0.0,0.01,0.01,0.0,0.0,0.0,0.0,0.0,0.0,0.0,0.0,0.0,0.01,0.0,0.02,0.0,0.01,0.0,0.01,0.0,0.0,0.0,0.0,0.01,0.0,0.0,0.0,0.0,0.0,0.01,0.0,0.0,0.0,0.02,0.0,0.0,0.0,0.0,0.0,0.01,0.03,0.0,0.01,0.0,0.0,0.0,0.0,0.0,0.0,0.0,0.0,0.0,0.0,0.0,0.02,0.0,0.0,0.0,0.04,0.0,0.0,0.0,0.01,0.0,0.0,0.0,0.0,0.0,0.0,0.02,0.0,0.0,0.04,0.0,0.0,0.0,0.0,0.0,0.0,0.0,0.0,0.0,0.0,0.01,0.0,0.0,0.06,0.0,0.0,0.0,0.0,0.0,0.01,0.03,0.0,0.0,0.0,0.01,0.0,0.0,0.0,0.01,0.06,0.0,0.01,0.01,0.0,0.01,0.0,0.0,0.0,0.0,0.0,0.0,0.0,0.0,0.0,0.0,0.0,0.0,0.0,0.0,0.0,0.0,0.0,0.0,0.0,0.01,0.0,0.0,0.01,0.0,0.0,0.0,0.01,0.0,0.0,0.0,0.0,0.0,0.0,0.01,0.0,0.01,0.0,0.0,0.0,0.0,0.01,0.01,0.0
Catford,0.0,0.0,0.0,0.0,0.0,0.0,0.0,0.0,0.0,0.0,0.0,0.0,0.014705882352941176,0.014705882352941176,0.0,0.0,0.0,0.0,0.0,0.0,0.0,0.0,0.0,0.0,0.014705882352941176,0.0,0.0,0.014705882352941176,0.058823529411764705,0.0,0.0,0.0,0.0,0.014705882352941176,0.014705882352941176,0.04411764705882353,0.0,0.0,0.0,0.0,0.0,0.0,0.0,0.0,0.0,0.0,0.014705882352941176,0.0,0.014705882352941176,0.0,0.0,0.0,0.0,0.0,0.0,0.0,0.0,0.0,0.0,0.04411764705882353,0.0,0.0,0.0,0.0,0.0,0.0,0.0,0.0,0.0,0.0,0.014705882352941176,0.0,0.0,0.0,0.0,0.0,0.0,0.0,0.0,0.0,0.0,0.014705882352941176,0.14705882352941177,0.0,0.014705882352941176,0.0,0.0,0.029411764705882353,0.0,0.0,0.0,0.0,0.0,0.0,0.0,0.0,0.014705882352941176,0.0,0.014705882352941176,0.0,0.04411764705882353,0.014705882352941176,0.0,0.0,0.0,0.0,0.0,0.0,0.0,0.0,0.0,0.0,0.0,0.0,0.0,0.0,0.0,0.0,0.0,0.0,0.0,0.0,0.0,0.0,0.0,0.0,0.0,0.0,0.08823529411764706,0.0,0.0,0.0,0.014705882352941176,0.014705882352941176,0.0,0.014705882352941176,0.0,0.029411764705882353,0.0,0.0,0.0,0.0,0.0,0.014705882352941176,0.04411764705882353,0.0,0.0,0.0,0.0,0.0,0.0,0.0,0.0,0.014705882352941176,0.0,0.0,0.0,0.014705882352941176,0.0,0.0,0.0,0.0,0.0,0.0,0.0,0.0,0.0,0.0,0.0,0.08823529411764706,0.0,0.0,0.0,0.0,0.0,0.014705882352941176,0.0,0.0,0.0,0.0,0.014705882352941176,0.029411764705882353,0.0,0.014705882352941176,0.0,0.0,0.014705882352941176,0.0,0.0,0.0,0.0,0.0,0.0
Chinbrook,0.0,0.0,0.0,0.0,0.0,0.0,0.0,0.0,0.0,0.0,0.0,0.0,0.0,0.0,0.0,0.0,0.0,0.0,0.0,0.0,0.0,0.0,0.0,0.0,0.0,0.0,0.0,0.0,0.07547169811320754,0.0,0.0,0.018867924528301886,0.0,0.0,0.0,0.03773584905660377,0.0,0.0,0.018867924528301886,0.018867924528301886,0.0,0.0,0.0,0.0,0.0,0.0,0.0,0.0,0.0,0.0,0.0,0.0,0.0,0.0,0.0,0.0,0.0,0.0,0.0,0.018867924528301886,0.018867924528301886,0.0,0.0,0.018867924528301886,0.0,0.0,0.0,0.0,0.0,0.0,0.0,0.0,0.0,0.0,0.0,0.018867924528301886,0.0,0.0,0.0,0.0,0.0,0.0,0.1509433962264151,0.018867924528301886,0.07547169811320754,0.0,0.0,0.0,0.0,0.0,0.0,0.0,0.018867924528301886,0.0,0.0,0.0,0.018867924528301886,0.0,0.0,0.0,0.05660377358490566,0.0,0.0,0.0,0.0,0.0,0.0,0.0,0.0,0.0,0.0,0.0,0.0,0.0,0.0,0.0,0.0,0.0,0.0,0.0,0.0,0.0,0.018867924528301886,0.0,0.0,0.0,0.0,0.0,0.09433962264150944,0.0,0.0,0.0,0.0,0.0,0.0,0.018867924528301886,0.0,0.0,0.0,0.0,0.018867924528301886,0.0,0.0,0.0,0.1320754716981132,0.0,0.0,0.0,0.0,0.0,0.0,0.0,0.0,0.0,0.0,0.0,0.0,0.0,0.0,0.0,0.03773584905660377,0.0,0.0,0.0,0.0,0.0,0.0,0.0,0.0,0.03773584905660377,0.0,0.0,0.0,0.0,0.0,0.0,0.0,0.0,0.018867924528301886,0.0,0.0,0.03773584905660377,0.0,0.0,0.0,0.0,0.0,0.0,0.0,0.0,0.0,0.0,0.0
Crofton Park,0.0,0.0,0.0,0.0,0.0,0.0,0.0,0.0,0.0,0.0,0.0,0.0,0.02,0.03,0.0,0.0,0.0,0.02,0.0,0.0,0.0,0.0,0.01,0.02,0.0,0.0,0.0,0.0,0.07,0.0,0.0,0.0,0.0,0.0,0.03,0.12,0.0,0.0,0.01,0.0,0.0,0.0,0.0,0.0,0.02,0.0,0.0,0.0,0.0,0.0,0.0,0.0,0.0,0.0,0.0,0.0,0.0,0.0,0.01,0.0,0.02,0.0,0.0,0.0,0.0,0.0,0.03,0.0,0.01,0.0,0.0,0.0,0.0,0.01,0.0,0.03,0.0,0.0,0.0,0.0,0.01,0.0,0.01,0.0,0.02,0.0,0.0,0.0,0.0,0.0,0.0,0.0,0.0,0.01,0.01,0.0,0.02,0.01,0.0,0.0,0.03,0.0,0.0,0.0,0.0,0.0,0.0,0.0,0.01,0.0,0.01,0.0,0.01,0.0,0.0,0.0,0.0,0.0,0.0,0.0,0.0,0.0,0.0,0.0,0.0,0.0,0.0,0.01,0.06,0.01,0.0,0.0,0.0,0.0,0.0,0.02,0.0,0.0,0.0,0.0,0.0,0.0,0.0,0.0,0.15,0.0,0.0,0.0,0.0,0.02,0.0,0.0,0.0,0.01,0.01,0.0,0.0,0.0,0.0,0.0,0.0,0.0,0.0,0.01,0.0,0.01,0.0,0.0,0.01,0.02,0.0,0.0,0.0,0.0,0.0,0.01,0.0,0.0,0.0,0.0,0.0,0.01,0.0,0.02,0.01,0.0,0.0,0.0,0.0,0.0,0.0,0.0,0.0
Denmark Hill,0.01,0.0,0.0,0.0,0.0,0.01,0.0,0.0,0.0,0.0,0.0,0.01,0.02,0.03,0.0,0.03,0.0,0.01,0.01,0.0,0.0,0.0,0.0,0.03,0.0,0.02,0.0,0.0,0.1,0.01,0.0,0.0,0.0,0.0,0.04,0.06,0.0,0.0,0.0,0.01,0.01,0.01,0.0,0.01,0.01,0.0,0.0,0.0,0.0,0.0,0.0,0.0,0.0,0.0,0.01,0.0,0.02,0.0,0.01,0.0,0.01,0.0,0.0,0.0,0.0,0.01,0.0,0.0,0.0,0.0,0.0,0.01,0.0,0.0,0.0,0.02,0.0,0.0,0.0,0.0,0.0,0.01,0.03,0.0,0.01,0.0,0.0,0.0,0.0,0.0,0.0,0.0,0.0,0.0,0.0,0.0,0.02,0.0,0.0,0.0,0.04,0.0,0.0,0.0,0.01,0.0,0.0,0.0,0.0,0.0,0.0,0.02,0.0,0.0,0.04,0.0,0.0,0.0,0.0,0.0,0.0,0.0,0.0,0.0,0.0,0.01,0.0,0.0,0.06,0.0,0.0,0.0,0.0,0.0,0.01,0.03,0.0,0.0,0.0,0.01,0.0,0.0,0.0,0.01,0.06,0.0,0.01,0.01,0.0,0.01,0.0,0.0,0.0,0.0,0.0,0.0,0.0,0.0,0.0,0.0,0.0,0.0,0.0,0.0,0.0,0.0,0.0,0.0,0.0,0.01,0.0,0.0,0.01,0.0,0.0,0.0,0.01,0.0,0.0,0.0,0.0,0.0,0.0,0.01,0.0,0.01,0.0,0.0,0.0,0.0,0.01,0.01,0.0
Deptford,0.0,0.0,0.0,0.0,0.0,0.0,0.0,0.0,0.0,0.0,0.01,0.0,0.0,0.04,0.0,0.0,0.0,0.0,0.0,0.0,0.0,0.0,0.01,0.01,0.0,0.01,0.0,0.0,0.06,0.0,0.01,0.0,0.0,0.0,0.02,0.06,0.01,0.0,0.0,0.0,0.0,0.0,0.0,0.0,0.02,0.0,0.0,0.0,0.0,0.0,0.0,0.0,0.0,0.01,0.0,0.0,0.0,0.01,0.01,0.0,0.01,0.0,0.0,0.0,0.0,0.0,0.01,0.0,0.01,0.0,0.0,0.0,0.03,0.0,0.0,0.01,0.0,0.0,0.0,0.0,0.0,0.0,0.02,0.0,0.0,0.0,0.01,0.0,0.0,0.02,0.02,0.0,0.0,0.0,0.0,0.0,0.01,0.02,0.0,0.0,0.02,0.0,0.01,0.01,0.0,0.0,0.0,0.0,0.0,0.0,0.0,0.02,0.0,0.0,0.0,0.0,0.0,0.0,0.0,0.0,0.01,0.0,0.0,0.0,0.01,0.0,0.0,0.0,0.04,0.01,0.0,0.0,0.0,0.0,0.01,0.01,0.01,0.0,0.01,0.01,0.0,0.0,0.0,0.0,0.16,0.0,0.0,0.01,0.0,0.01,0.0,0.0,0.0,0.02,0.01,0.0,0.0,0.0,0.0,0.0,0.0,0.0,0.0,0.01,0.0,0.0,0.0,0.0,0.01,0.01,0.01,0.0,0.0,0.0,0.0,0.01,0.0,0.01,0.0,0.0,0.02,0.0,0.0,0.02,0.01,0.03,0.0,0.0,0.01,0.0,0.0,0.0,0.0
Dulwich,0.0,0.0,0.0,0.01,0.0,0.01,0.0,0.0,0.0,0.0,0.0,0.0,0.06,0.02,0.0,0.0,0.0,0.0,0.0,0.0,0.01,0.0,0.01,0.03,0.0,0.0,0.0,0.0,0.09,0.0,0.0,0.01,0.0,0.0,0.01,0.06,0.0,0.0,0.0,0.0,0.0,0.0,0.0,0.0,0.01,0.0,0.0,0.0,0.0,0.0,0.0,0.0,0.0,0.01,0.0,0.0,0.0,0.0,0.03,0.0,0.01,0.01,0.0,0.01,0.01,0.0,0.0,0.02,0.0,0.0,0.0,0.0,0.0,0.01,0.0,0.0,0.0,0.0,0.0,0.01,0.0,0.0,0.05,0.0,0.03,0.0,0.0,0.0,0.0,0.0,0.0,0.0,0.0,0.01,0.0,0.01,0.01,0.01,0.0,0.0,0.03,0.0,0.0,0.0,0.0,0.0,0.0,0.0,0.0,0.0,0.0,0.0,0.0,0.0,0.01,0.0,0.0,0.0,0.0,0.01,0.01,0.0,0.0,0.0,0.0,0.0,0.0,0.0,0.06,0.01,0.0,0.0,0.0,0.01,0.0,0.02,0.0,0.0,0.02,0.01,0.0,0.01,0.0,0.01,0.14,0.0,0.0,0.01,0.01,0.02,0.0,0.0,0.0,0.01,0.0,0.0,0.0,0.0,0.0,0.0,0.0,0.0,0.0,0.0,0.0,0.0,0.01,0.0,0.0,0.01,0.0,0.0,0.0,0.0,0.0,0.0,0.0,0.0,0.0,0.0,0.0,0.01,0.0,0.0,0.0,0.0,0.0,0.0,0.0,0.0,0.0,0.0,0.0
East Dulwich,0.0,0.0,0.0,0.0,0.0,0.015625,0.0,0.0,0.0,0.0,0.0,0.0,0.015625,0.015625,0.0,0.0,0.0,0.015625,0.0,0.0,0.0,0.0,0.0,0.015625,0.0,0.015625,0.0,0.0,0.09375,0.0,0.0,0.015625,0.0,0.0,0.015625,0.03125,0.0,0.0,0.0,0.0,0.0,0.015625,0.0,0.0,0.0,0.0,0.0,0.0,0.0,0.0,0.0,0.0,0.0,0.0,0.0,0.0,0.0,0.0,0.015625,0.0,0.015625,0.0,0.0,0.0,0.015625,0.0,0.0,0.03125,0.015625,0.0,0.0,0.015625,0.0,0.03125,0.0,0.0,0.0,0.0,0.015625,0.0,0.0,0.0,0.03125,0.0,0.03125,0.0,0.0,0.0,0.0,0.0,0.0,0.0,0.0,0.0,0.0,0.015625,0.015625,0.015625,0.0,0.0,0.046875,0.0,0.0,0.0,0.0,0.0,0.0,0.0,0.0,0.0,0.0,0.015625,0.03125,0.0,0.0,0.0,0.0,0.0,0.0,0.0,0.015625,0.0,0.0,0.0,0.0,0.0,0.0,0.0,0.078125,0.0,0.0,0.0,0.0,0.0,0.0,0.0625,0.0,0.015625,0.0,0.0,0.0,0.0,0.0,0.0,0.09375,0.0,0.0,0.015625,0.0,0.015625,0.0,0.015625,0.0,0.0,0.015625,0.0,0.0,0.0,0.0,0.0,0.0,0.0,0.0,0.0,0.0,0.0,0.0,0.0,0.0,0.0,0.0,0.0,0.015625,0.0,0.0,0.0,0.0,0.0,0.0,0.0,0.0,0.0,0.0,0.0,0.015625,0.015625,0.0,0.0,0.0,0.0,0.0,0.0,0.0
Elephant and Castle,0.006666666666666667,0.0033333333333333335,0.0033333333333333335,0.0,0.0,0.016666666666666666,0.01,0.006666666666666667,0.0033333333333333335,0.0033333333333333335,0.0,0.0,0.02,0.01,0.0033333333333333335,0.01,0.0,0.0033333333333333335,0.006666666666666667,0.0,0.0,0.0,0.0033333333333333335,0.006666666666666667,0.0,0.01,0.0,0.0,0.08333333333333333,0.0,0.0033333333333333335,0.0,0.0033333333333333335,0.0,0.013333333333333334,0.07666666666666666,0.0,0.0,0.0033333333333333335,0.01,0.0033333333333333335,0.01,0.0,0.006666666666666667,0.0,0.0,0.0,0.0,0.0,0.0,0.0,0.0,0.0033333333333333335,0.0,0.006666666666666667,0.0,0.006666666666666667,0.006666666666666667,0.01,0.0,0.006666666666666667,0.0,0.0,0.0,0.006666666666666667,0.0,0.0,0.0,0.013333333333333334,0.0,0.0,0.0,0.02666666666666667,0.0,0.0,0.02,0.013333333333333334,0.0,0.0,0.0,0.0,0.0,0.013333333333333334,0.01,0.0,0.0,0.0,0.0,0.0,0.0,0.01,0.0033333333333333335,0.006666666666666667,0.03333333333333333,0.0,0.0033333333333333335,0.0,0.0033333333333333335,0.0,0.0,0.043333333333333335,0.0033333333333333335,0.0,0.0033333333333333335,0.0,0.0,0.0,0.0,0.0,0.0,0.0,0.0,0.0,0.0,0.0033333333333333335,0.0,0.006666666666666667,0.0033333333333333335,0.0033333333333333335,0.006666666666666667,0.006666666666666667,0.01,0.0,0.0,0.0,0.0,0.0,0.0,0.04666666666666667,0.013333333333333334,0.0,0.01,0.0,0.0,0.0033333333333333335,0.02,0.0,0.0,0.0,0.01,0.0,0.0,0.0,0.006666666666666667,0.1,0.0,0.0,0.0,0.0,0.0,0.0,0.0,0.0033333333333333335,0.0033333333333333335,0.01,0.0,0.01,0.0,0.0,0.006666666666666667,0.0,0.0,0.006666666666666667,0.0,0.0,0.0,0.0,0.0033333333333333335,0.02666666666666667,0.0,0.0,0.0033333333333333335,0.013333333333333334,0.0033333333333333335,0.0033333333333333335,0.03666666666666667,0.0,0.0,0.0,0.0,0.0033333333333333335,0.0,0.0,0.0,0.0,0.006666666666666667,0.0,0.0,0.01,0.0,0.0033333333333333335,0.0033333333333333335,0.0
Forest Hill,0.0,0.0,0.0,0.01,0.0,0.0,0.0,0.0,0.0,0.0,0.0,0.0,0.0,0.02,0.0,0.0,0.0,0.0,0.0,0.01,0.01,0.0,0.01,0.0,0.0,0.0,0.0,0.0,0.07,0.0,0.0,0.01,0.0,0.01,0.01,0.07,0.0,0.0,0.01,0.01,0.0,0.0,0.0,0.0,0.0,0.0,0.0,0.01,0.01,0.0,0.0,0.0,0.0,0.0,0.0,0.0,0.0,0.0,0.01,0.02,0.02,0.0,0.0,0.0,0.0,0.0,0.0,0.02,0.0,0.0,0.01,0.0,0.01,0.01,0.0,0.02,0.0,0.0,0.01,0.01,0.01,0.01,0.06,0.0,0.03,0.0,0.0,0.01,0.0,0.0,0.0,0.0,0.0,0.0,0.0,0.0,0.02,0.0,0.0,0.0,0.02,0.02,0.0,0.0,0.0,0.0,0.0,0.0,0.0,0.0,0.01,0.0,0.01,0.0,0.0,0.0,0.0,0.0,0.0,0.0,0.01,0.0,0.0,0.0,0.0,0.0,0.0,0.0,0.05,0.0,0.0,0.0,0.01,0.02,0.0,0.02,0.0,0.0,0.01,0.01,0.0,0.0,0.0,0.01,0.16,0.0,0.0,0.0,0.0,0.0,0.0,0.0,0.0,0.01,0.01,0.0,0.0,0.0,0.0,0.0,0.0,0.0,0.0,0.0,0.0,0.0,0.0,0.0,0.0,0.05,0.0,0.0,0.0,0.0,0.0,0.01,0.0,0.0,0.0,0.0,0.0,0.01,0.0,0.0,0.0,0.0,0.0,0.0,0.0,0.0,0.0,0.0,0.0
Gipsy Hill,0.005,0.0,0.005,0.0,0.0,0.005,0.0,0.0,0.005,0.005,0.0,0.0,0.035,0.01,0.0,0.0,0.0,0.005,0.005,0.0,0.005,0.0,0.015,0.02,0.0,0.0,0.01,0.0,0.055,0.0,0.0,0.005,0.0,0.0,0.005,0.08,0.0,0.0,0.0,0.0,0.0,0.0,0.0,0.0,0.005,0.0,0.0,0.005,0.005,0.0,0.0,0.0,0.0,0.005,0.0,0.0,0.0,0.005,0.01,0.005,0.01,0.0,0.005,0.0,0.0,0.0,0.0,0.01,0.0,0.0,0.0,0.0,0.01,0.015,0.005,0.015,0.0,0.0,0.005,0.0,0.0,0.0,0.05,0.0,0.02,0.0,0.0,0.0,0.005,0.0,0.005,0.0,0.0,0.005,0.0,0.0,0.015,0.0,0.0,0.0,0.035,0.005,0.0,0.0,0.0,0.01,0.01,0.005,0.0,0.0,0.0,0.0,0.0,0.0,0.0,0.0,0.0,0.0,0.0,0.02,0.0,0.0,0.01,0.0,0.0,0.0,0.005,0.0,0.05,0.01,0.005,0.0,0.0,0.02,0.0,0.02,0.0,0.005,0.005,0.0,0.0,0.0,0.0,0.015,0.12,0.005,0.0,0.01,0.01,0.005,0.0,0.0,0.0,0.015,0.0,0.005,0.0,0.0,0.0,0.0,0.0,0.0,0.0,0.0,0.01,0.0,0.0,0.0,0.0,0.025,0.005,0.0,0.005,0.0,0.005,0.0,0.0,0.0,0.0,0.0,0.0,0.025,0.0,0.005,0.005,0.01,0.005,0.0,0.005,0.005,0.0,0.0,0.0
Grove Park,0.0,0.0,0.0,0.0,0.0,0.0,0.0,0.0,0.0,0.0,0.0,0.0,0.0,0.0,0.0,0.0,0.0,0.0,0.0,0.0,0.0,0.0,0.0,0.0,0.0,0.0,0.0,0.0,0.07547169811320754,0.0,0.0,0.018867924528301886,0.0,0.0,0.0,0.03773584905660377,0.0,0.0,0.018867924528301886,0.018867924528301886,0.0,0.0,0.0,0.0,0.0,0.0,0.0,0.0,0.0,0.0,0.0,0.0,0.0,0.0,0.0,0.0,0.0,0.0,0.0,0.018867924528301886,0.018867924528301886,0.0,0.0,0.018867924528301886,0.0,0.0,0.0,0.0,0.0,0.0,0.0,0.0,0.0,0.0,0.0,0.018867924528301886,0.0,0.0,0.0,0.0,0.0,0.0,0.1509433962264151,0.018867924528301886,0.07547169811320754,0.0,0.0,0.0,0.0,0.0,0.0,0.0,0.018867924528301886,0.0,0.0,0.0,0.018867924528301886,0.0,0.0,0.0,0.05660377358490566,0.0,0.0,0.0,0.0,0.0,0.0,0.0,0.0,0.0,0.0,0.0,0.0,0.0,0.0,0.0,0.0,0.0,0.0,0.0,0.0,0.0,0.018867924528301886,0.0,0.0,0.0,0.0,0.0,0.09433962264150944,0.0,0.0,0.0,0.0,0.0,0.0,0.018867924528301886,0.0,0.0,0.0,0.0,0.018867924528301886,0.0,0.0,0.0,0.1320754716981132,0.0,0.0,0.0,0.0,0.0,0.0,0.0,0.0,0.0,0.0,0.0,0.0,0.0,0.0,0.0,0.03773584905660377,0.0,0.0,0.0,0.0,0.0,0.0,0.0,0.0,0.03773584905660377,0.0,0.0,0.0,0.0,0.0,0.0,0.0,0.0,0.018867924528301886,0.0,0.0,0.03773584905660377,0.0,0.0,0.0,0.0,0.0,0.0,0.0,0.0,0.0,0.0,0.0
Herne Hill,0.0,0.0,0.0,0.0,0.0,0.01,0.0,0.0,0.0,0.0,0.0,0.02,0.03,0.01,0.0,0.02,0.0,0.01,0.0,0.0,0.0,0.0,0.0,0.04,0.0,0.02,0.0,0.0,0.05,0.02,0.01,0.0,0.0,0.0,0.04,0.1,0.0,0.0,0.0,0.0,0.01,0.0,0.01,0.0,0.0,0.0,0.0,0.0,0.0,0.0,0.0,0.01,0.0,0.01,0.0,0.0,0.0,0.0,0.01,0.0,0.0,0.0,0.0,0.0,0.01,0.01,0.0,0.0,0.0,0.0,0.0,0.0,0.0,0.01,0.0,0.01,0.0,0.0,0.0,0.0,0.0,0.0,0.0,0.0,0.02,0.0,0.0,0.0,0.0,0.0,0.01,0.0,0.0,0.01,0.0,0.01,0.01,0.02,0.0,0.0,0.02,0.01,0.0,0.0,0.0,0.0,0.0,0.0,0.0,0.0,0.0,0.04,0.0,0.0,0.01,0.0,0.01,0.0,0.0,0.0,0.0,0.02,0.0,0.01,0.0,0.01,0.0,0.0,0.04,0.0,0.0,0.0,0.0,0.0,0.0,0.05,0.0,0.0,0.01,0.0,0.0,0.01,0.0,0.01,0.06,0.0,0.01,0.0,0.0,0.03,0.0,0.0,0.0,0.0,0.0,0.0,0.0,0.0,0.0,0.0,0.0,0.0,0.0,0.0,0.0,0.0,0.01,0.01,0.0,0.0,0.0,0.0,0.02,0.0,0.0,0.0,0.0,0.0,0.0,0.0,0.0,0.0,0.0,0.0,0.03,0.0,0.0,0.01,0.0,0.0,0.0,0.02,0.0
Hither Green,0.0,0.0,0.0,0.0,0.01,0.0,0.0,0.0,0.0,0.01,0.0,0.0,0.02,0.02,0.0,0.0,0.0,0.0,0.0,0.0,0.0,0.0,0.01,0.01,0.0,0.0,0.0,0.0,0.09,0.0,0.01,0.0,0.0,0.01,0.01,0.03,0.0,0.0,0.0,0.0,0.0,0.0,0.0,0.0,0.01,0.0,0.0,0.0,0.0,0.0,0.0,0.0,0.0,0.0,0.0,0.0,0.0,0.0,0.02,0.01,0.03,0.0,0.0,0.01,0.0,0.0,0.03,0.0,0.01,0.0,0.0,0.0,0.04,0.0,0.0,0.06,0.0,0.0,0.01,0.0,0.0,0.0,0.01,0.01,0.02,0.0,0.0,0.0,0.01,0.01,0.0,0.0,0.0,0.01,0.0,0.0,0.01,0.02,0.0,0.0,0.02,0.01,0.01,0.0,0.0,0.0,0.0,0.0,0.0,0.0,0.0,0.0,0.0,0.0,0.0,0.0,0.0,0.0,0.0,0.0,0.0,0.0,0.0,0.0,0.01,0.0,0.01,0.0,0.06,0.0,0.0,0.0,0.01,0.0,0.0,0.0,0.01,0.0,0.0,0.0,0.0,0.0,0.0,0.0,0.12,0.0,0.0,0.0,0.0,0.03,0.0,0.0,0.0,0.01,0.01,0.0,0.0,0.0,0.0,0.0,0.0,0.0,0.0,0.01,0.0,0.01,0.0,0.0,0.01,0.03,0.0,0.0,0.0,0.0,0.0,0.01,0.0,0.0,0.0,0.0,0.0,0.0,0.0,0.02,0.01,0.0,0.0,0.0,0.02,0.0,0.0,0.0,0.01
Honor Oak,0.0,0.0,0.0,0.01,0.0,0.0,0.0,0.0,0.0,0.0,0.0,0.0,0.0,0.02,0.0,0.0,0.0,0.0,0.0,0.01,0.01,0.0,0.01,0.0,0.0,0.0,0.0,0.0,0.07,0.0,0.0,0.01,0.0,0.01,0.01,0.07,0.0,0.0,0.01,0.01,0.0,0.0,0.0,0.0,0.0,0.0,0.0,0.01,0.01,0.0,0.0,0.0,0.0,0.0,0.0,0.0,0.0,0.0,0.01,0.02,0.02,0.0,0.0,0.0,0.0,0.0,0.0,0.02,0.0,0.0,0.01,0.0,0.01,0.01,0.0,0.02,0.0,0.0,0.01,0.01,0.01,0.01,0.06,0.0,0.03,0.0,0.0,0.01,0.0,0.0,0.0,0.0,0.0,0.0,0.0,0.0,0.02,0.0,0.0,0.0,0.02,0.02,0.0,0.0,0.0,0.0,0.0,0.0,0.0,0.0,0.01,0.0,0.01,0.0,0.0,0.0,0.0,0.0,0.0,0.0,0.01,0.0,0.0,0.0,0.0,0.0,0.0,0.0,0.05,0.0,0.0,0.0,0.01,0.02,0.0,0.02,0.0,0.0,0.01,0.01,0.0,0.0,0.0,0.01,0.16,0.0,0.0,0.0,0.0,0.0,0.0,0.0,0.0,0.01,0.01,0.0,0.0,0.0,0.0,0.0,0.0,0.0,0.0,0.0,0.0,0.0,0.0,0.0,0.0,0.05,0.0,0.0,0.0,0.0,0.0,0.01,0.0,0.0,0.0,0.0,0.0,0.01,0.0,0.0,0.0,0.0,0.0,0.0,0.0,0.0,0.0,0.0,0.0
Ladywell,0.0,0.0,0.0,0.0,0.005,0.0,0.0,0.0,0.0,0.005,0.0,0.0,0.02,0.025,0.0,0.0,0.0,0.01,0.0,0.0,0.0,0.0,0.01,0.015,0.0,0.0,0.0,0.0,0.08,0.0,0.005,0.0,0.0,0.005,0.02,0.075,0.0,0.0,0.005,0.0,0.0,0.0,0.0,0.0,0.015,0.0,0.0,0.0,0.0,0.0,0.0,0.0,0.0,0.0,0.0,0.0,0.0,0.0,0.015,0.005,0.025,0.0,0.0,0.005,0.0,0.0,0.03,0.0,0.01,0.0,0.0,0.0,0.02,0.005,0.0,0.045,0.0,0.0,0.005,0.0,0.005,0.0,0.01,0.005,0.02,0.0,0.0,0.0,0.005,0.005,0.0,0.0,0.0,0.01,0.005,0.0,0.015,0.015,0.0,0.0,0.025,0.005,0.005,0.0,0.0,0.0,0.0,0.0,0.005,0.0,0.005,0.0,0.005,0.0,0.0,0.0,0.0,0.0,0.0,0.0,0.0,0.0,0.0,0.0,0.005,0.0,0.005,0.005,0.06,0.005,0.0,0.0,0.005,0.0,0.0,0.01,0.005,0.0,0.0,0.0,0.0,0.0,0.0,0.0,0.135,0.0,0.0,0.0,0.0,0.025,0.0,0.0,0.0,0.01,0.01,0.0,0.0,0.0,0.0,0.0,0.0,0.0,0.0,0.01,0.0,0.01,0.0,0.0,0.01,0.025,0.0,0.0,0.0,0.0,0.0,0.01,0.0,0.0,0.0,0.0,0.0,0.005,0.0,0.02,0.01,0.0,0.0,0.0,0.01,0.0,0.0,0.0,0.005
Lambeth,0.0,0.01,0.0,0.0,0.0,0.01,0.02,0.0,0.01,0.0,0.0,0.0,0.03,0.01,0.01,0.0,0.0,0.01,0.01,0.0,0.0,0.0,0.01,0.0,0.0,0.02,0.0,0.0,0.02,0.0,0.01,0.0,0.0,0.0,0.02,0.1,0.0,0.0,0.0,0.01,0.01,0.0,0.0,0.0,0.0,0.0,0.0,0.0,0.0,0.0,0.0,0.0,0.01,0.0,0.0,0.0,0.0,0.0,0.01,0.0,0.01,0.0,0.0,0.0,0.01,0.0,0.0,0.0,0.01,0.0,0.0,0.0,0.03,0.0,0.0,0.01,0.0,0.0,0.0,0.0,0.0,0.0,0.03,0.01,0.0,0.0,0.0,0.0,0.0,0.0,0.01,0.0,0.0,0.05,0.0,0.01,0.0,0.0,0.0,0.0,0.05,0.0,0.0,0.01,0.0,0.0,0.0,0.0,0.0,0.0,0.0,0.0,0.0,0.0,0.0,0.0,0.01,0.0,0.0,0.01,0.0,0.01,0.0,0.0,0.0,0.0,0.0,0.0,0.03,0.01,0.0,0.01,0.0,0.0,0.0,0.02,0.0,0.0,0.0,0.0,0.0,0.0,0.0,0.01,0.08,0.0,0.0,0.0,0.0,0.0,0.0,0.0,0.0,0.0,0.02,0.0,0.02,0.0,0.0,0.01,0.0,0.0,0.01,0.0,0.0,0.0,0.0,0.0,0.04,0.0,0.0,0.01,0.02,0.0,0.01,0.05,0.0,0.0,0.0,0.0,0.01,0.0,0.0,0.0,0.0,0.01,0.0,0.0,0.02,0.0,0.0,0.0,0.0
Lee,0.0,0.0,0.0,0.0,0.0,0.0,0.0,0.0,0.0,0.0,0.0,0.0,0.0,0.0,0.0,0.0,0.0,0.0,0.0,0.0,0.0,0.0,0.0,0.0,0.0,0.0,0.0,0.0,0.07547169811320754,0.0,0.0,0.018867924528301886,0.0,0.0,0.0,0.03773584905660377,0.0,0.0,0.018867924528301886,0.018867924528301886,0.0,0.0,0.0,0.0,0.0,0.0,0.0,0.0,0.0,0.0,0.0,0.0,0.0,0.0,0.0,0.0,0.0,0.0,0.0,0.018867924528301886,0.018867924528301886,0.0,0.0,0.018867924528301886,0.0,0.0,0.0,0.0,0.0,0.0,0.0,0.0,0.0,0.0,0.0,0.018867924528301886,0.0,0.0,0.0,0.0,0.0,0.0,0.1509433962264151,0.018867924528301886,0.07547169811320754,0.0,0.0,0.0,0.0,0.0,0.0,0.0,0.018867924528301886,0.0,0.0,0.0,0.018867924528301886,0.0,0.0,0.0,0.05660377358490566,0.0,0.0,0.0,0.0,0.0,0.0,0.0,0.0,0.0,0.0,0.0,0.0,0.0,0.0,0.0,0.0,0.0,0.0,0.0,0.0,0.0,0.018867924528301886,0.0,0.0,0.0,0.0,0.0,0.09433962264150944,0.0,0.0,0.0,0.0,0.0,0.0,0.018867924528301886,0.0,0.0,0.0,0.0,0.018867924528301886,0.0,0.0,0.0,0.1320754716981132,0.0,0.0,0.0,0.0,0.0,0.0,0.0,0.0,0.0,0.0,0.0,0.0,0.0,0.0,0.0,0.03773584905660377,0.0,0.0,0.0,0.0,0.0,0.0,0.0,0.0,0.03773584905660377,0.0,0.0,0.0,0.0,0.0,0.0,0.0,0.0,0.018867924528301886,0.0,0.0,0.03773584905660377,0.0,0.0,0.0,0.0,0.0,0.0,0.0,0.0,0.0,0.0,0.0
Lewisham,0.0,0.0,0.0,0.0,0.01,0.0,0.0,0.0,0.0,0.01,0.0,0.0,0.02,0.02,0.0,0.0,0.0,0.0,0.0,0.0,0.0,0.0,0.01,0.01,0.0,0.0,0.0,0.0,0.09,0.0,0.01,0.0,0.0,0.01,0.01,0.03,0.0,0.0,0.0,0.0,0.0,0.0,0.0,0.0,0.01,0.0,0.0,0.0,0.0,0.0,0.0,0.0,0.0,0.0,0.0,0.0,0.0,0.0,0.02,0.01,0.03,0.0,0.0,0.01,0.0,0.0,0.03,0.0,0.01,0.0,0.0,0.0,0.04,0.0,0.0,0.06,0.0,0.0,0.01,0.0,0.0,0.0,0.01,0.01,0.02,0.0,0.0,0.0,0.01,0.01,0.0,0.0,0.0,0.01,0.0,0.0,0.01,0.02,0.0,0.0,0.02,0.01,0.01,0.0,0.0,0.0,0.0,0.0,0.0,0.0,0.0,0.0,0.0,0.0,0.0,0.0,0.0,0.0,0.0,0.0,0.0,0.0,0.0,0.0,0.01,0.0,0.01,0.0,0.06,0.0,0.0,0.0,0.01,0.0,0.0,0.0,0.01,0.0,0.0,0.0,0.0,0.0,0.0,0.0,0.12,0.0,0.0,0.0,0.0,0.03,0.0,0.0,0.0,0.01,0.01,0.0,0.0,0.0,0.0,0.0,0.0,0.0,0.0,0.01,0.0,0.01,0.0,0.0,0.01,0.03,0.0,0.0,0.0,0.0,0.0,0.01,0.0,0.0,0.0,0.0,0.0,0.0,0.0,0.02,0.01,0.0,0.0,0.0,0.02,0.0,0.0,0.0,0.01
New Cross,0.01,0.0,0.0,0.0,0.0,0.01,0.0,0.0,0.0,0.01,0.01,0.0,0.01,0.04,0.0,0.0,0.01,0.02,0.0,0.0,0.0,0.0,0.01,0.03,0.0,0.0,0.0,0.0,0.07,0.0,0.0,0.0,0.0,0.0,0.02,0.08,0.0,0.01,0.0,0.0,0.0,0.0,0.0,0.01,0.02,0.0,0.0,0.0,0.0,0.0,0.0,0.0,0.0,0.01,0.0,0.0,0.0,0.0,0.01,0.0,0.02,0.0,0.0,0.0,0.0,0.0,0.02,0.0,0.01,0.0,0.0,0.0,0.0,0.01,0.0,0.03,0.0,0.01,0.0,0.0,0.0,0.0,0.0,0.0,0.02,0.0,0.0,0.0,0.0,0.0,0.0,0.0,0.0,0.01,0.01,0.0,0.02,0.03,0.0,0.0,0.04,0.01,0.0,0.0,0.0,0.0,0.0,0.0,0.01,0.0,0.0,0.0,0.01,0.0,0.0,0.0,0.0,0.0,0.0,0.0,0.0,0.01,0.0,0.0,0.0,0.0,0.0,0.01,0.03,0.01,0.0,0.0,0.0,0.0,0.0,0.02,0.0,0.0,0.0,0.01,0.0,0.0,0.0,0.0,0.13,0.0,0.0,0.01,0.0,0.01,0.0,0.01,0.0,0.02,0.0,0.0,0.0,0.0,0.0,0.0,0.0,0.0,0.0,0.01,0.0,0.01,0.0,0.0,0.0,0.01,0.0,0.01,0.0,0.0,0.0,0.0,0.0,0.0,0.0,0.0,0.0,0.0,0.0,0.01,0.01,0.02,0.0,0.0,0.0,0.0,0.0,0.0,0.0
Newington,0.005,0.005,0.0,0.0,0.0,0.02,0.01,0.005,0.005,0.0,0.0,0.0,0.025,0.01,0.005,0.01,0.0,0.005,0.01,0.0,0.0,0.0,0.005,0.01,0.0,0.015,0.0,0.0,0.06,0.0,0.005,0.0,0.0,0.0,0.02,0.095,0.0,0.0,0.0,0.01,0.005,0.005,0.0,0.005,0.0,0.0,0.0,0.0,0.0,0.0,0.0,0.0,0.005,0.0,0.005,0.0,0.005,0.005,0.01,0.0,0.005,0.0,0.0,0.0,0.005,0.0,0.0,0.0,0.015,0.0,0.0,0.0,0.025,0.0,0.0,0.015,0.01,0.0,0.0,0.0,0.0,0.0,0.02,0.01,0.0,0.0,0.0,0.0,0.0,0.0,0.01,0.0,0.005,0.03,0.0,0.005,0.0,0.0,0.0,0.0,0.05,0.0,0.0,0.005,0.0,0.0,0.0,0.0,0.0,0.0,0.0,0.0,0.0,0.0,0.005,0.0,0.01,0.0,0.0,0.005,0.005,0.01,0.0,0.0,0.0,0.0,0.0,0.0,0.04,0.01,0.0,0.01,0.0,0.0,0.005,0.025,0.0,0.0,0.0,0.005,0.0,0.0,0.0,0.01,0.095,0.0,0.0,0.0,0.0,0.0,0.0,0.0,0.0,0.0,0.01,0.0,0.015,0.0,0.0,0.005,0.0,0.0,0.01,0.0,0.0,0.0,0.0,0.0,0.03,0.0,0.0,0.005,0.02,0.0,0.005,0.04,0.0,0.0,0.0,0.0,0.005,0.0,0.0,0.0,0.0,0.01,0.0,0.0,0.015,0.0,0.005,0.0,0.0
Nunhead,0.01,0.0,0.0,0.0,0.0,0.02,0.0,0.0,0.0,0.0,0.0,0.0,0.01,0.04,0.0,0.01,0.01,0.01,0.01,0.0,0.0,0.0,0.0,0.01,0.0,0.02,0.0,0.0,0.07,0.0,0.01,0.01,0.0,0.0,0.03,0.04,0.0,0.01,0.0,0.0,0.0,0.0,0.0,0.0,0.0,0.0,0.0,0.0,0.0,0.0,0.0,0.0,0.0,0.0,0.01,0.0,0.0,0.0,0.0,0.0,0.01,0.0,0.0,0.0,0.0,0.0,0.0,0.0,0.01,0.0,0.0,0.01,0.0,0.01,0.0,0.04,0.0,0.01,0.0,0.0,0.0,0.0,0.02,0.0,0.01,0.0,0.0,0.0,0.0,0.0,0.0,0.0,0.0,0.0,0.01,0.01,0.02,0.03,0.0,0.0,0.04,0.01,0.0,0.01,0.0,0.0,0.0,0.0,0.0,0.0,0.0,0.01,0.01,0.01,0.02,0.0,0.0,0.0,0.0,0.0,0.0,0.01,0.0,0.0,0.0,0.0,0.0,0.0,0.05,0.0,0.0,0.0,0.01,0.0,0.0,0.05,0.0,0.0,0.0,0.0,0.0,0.0,0.01,0.0,0.11,0.0,0.0,0.01,0.0,0.02,0.0,0.01,0.0,0.0,0.0,0.0,0.0,0.0,0.0,0.0,0.0,0.0,0.0,0.0,0.0,0.0,0.0,0.0,0.0,0.01,0.0,0.01,0.01,0.0,0.01,0.0,0.01,0.0,0.0,0.0,0.0,0.0,0.0,0.01,0.01,0.01,0.0,0.0,0.0,0.0,0.01,0.0,0.0
Oval,0.01,0.0,0.01,0.0,0.0,0.01,0.01,0.01,0.0,0.01,0.0,0.0,0.01,0.01,0.0,0.01,0.0,0.0,0.0,0.0,0.0,0.0,0.0,0.0,0.0,0.0,0.0,0.0,0.13,0.0,0.0,0.0,0.01,0.0,0.0,0.04,0.0,0.0,0.01,0.01,0.0,0.02,0.0,0.01,0.0,0.0,0.0,0.0,0.0,0.0,0.0,0.0,0.0,0.0,0.01,0.0,0.01,0.01,0.01,0.0,0.01,0.0,0.0,0.0,0.01,0.0,0.0,0.0,0.01,0.0,0.0,0.0,0.03,0.0,0.0,0.03,0.02,0.0,0.0,0.0,0.0,0.0,0.0,0.01,0.0,0.0,0.0,0.0,0.0,0.0,0.01,0.01,0.01,0.04,0.0,0.0,0.0,0.01,0.0,0.0,0.03,0.01,0.0,0.0,0.0,0.0,0.0,0.0,0.0,0.0,0.0,0.0,0.0,0.0,0.0,0.0,0.0,0.01,0.01,0.01,0.01,0.01,0.0,0.0,0.0,0.0,0.0,0.0,0.06,0.02,0.0,0.01,0.0,0.0,0.0,0.01,0.0,0.0,0.0,0.02,0.0,0.0,0.0,0.0,0.11,0.0,0.0,0.0,0.0,0.0,0.0,0.0,0.01,0.01,0.01,0.0,0.0,0.0,0.0,0.01,0.0,0.0,0.0,0.0,0.0,0.0,0.0,0.01,0.02,0.0,0.0,0.0,0.0,0.01,0.0,0.03,0.0,0.0,0.0,0.0,0.0,0.0,0.0,0.0,0.0,0.0,0.0,0.0,0.0,0.0,0.0,0.01,0.0
Peckham,0.01,0.0,0.0,0.0,0.0,0.02,0.0,0.0,0.0,0.0,0.0,0.0,0.01,0.04,0.0,0.01,0.01,0.01,0.01,0.0,0.0,0.0,0.0,0.01,0.0,0.02,0.0,0.0,0.07,0.0,0.01,0.01,0.0,0.0,0.03,0.04,0.0,0.01,0.0,0.0,0.0,0.0,0.0,0.0,0.0,0.0,0.0,0.0,0.0,0.0,0.0,0.0,0.0,0.0,0.01,0.0,0.0,0.0,0.0,0.0,0.01,0.0,0.0,0.0,0.0,0.0,0.0,0.0,0.01,0.0,0.0,0.01,0.0,0.01,0.0,0.04,0.0,0.01,0.0,0.0,0.0,0.0,0.02,0.0,0.01,0.0,0.0,0.0,0.0,0.0,0.0,0.0,0.0,0.0,0.01,0.01,0.02,0.03,0.0,0.0,0.04,0.01,0.0,0.01,0.0,0.0,0.0,0.0,0.0,0.0,0.0,0.01,0.01,0.01,0.02,0.0,0.0,0.0,0.0,0.0,0.0,0.01,0.0,0.0,0.0,0.0,0.0,0.0,0.05,0.0,0.0,0.0,0.01,0.0,0.0,0.05,0.0,0.0,0.0,0.0,0.0,0.0,0.01,0.0,0.11,0.0,0.0,0.01,0.0,0.02,0.0,0.01,0.0,0.0,0.0,0.0,0.0,0.0,0.0,0.0,0.0,0.0,0.0,0.0,0.0,0.0,0.0,0.0,0.0,0.01,0.0,0.01,0.01,0.0,0.01,0.0,0.01,0.0,0.0,0.0,0.0,0.0,0.0,0.01,0.01,0.01,0.0,0.0,0.0,0.0,0.01,0.0,0.0
Rotherhithe,0.0,0.01,0.01,0.0,0.0,0.01,0.0,0.0,0.0,0.0,0.01,0.0,0.02,0.04,0.0,0.04,0.0,0.0,0.0,0.0,0.0,0.01,0.01,0.08,0.0,0.0,0.0,0.0,0.05,0.0,0.01,0.01,0.01,0.0,0.02,0.06,0.0,0.0,0.0,0.0,0.0,0.0,0.0,0.0,0.01,0.0,0.0,0.0,0.0,0.01,0.0,0.0,0.0,0.02,0.0,0.02,0.0,0.01,0.01,0.0,0.0,0.0,0.0,0.0,0.0,0.0,0.03,0.0,0.01,0.01,0.0,0.0,0.0,0.0,0.0,0.0,0.0,0.0,0.0,0.0,0.0,0.0,0.0,0.0,0.02,0.0,0.01,0.0,0.0,0.0,0.0,0.0,0.0,0.01,0.0,0.0,0.0,0.0,0.0,0.0,0.02,0.0,0.0,0.0,0.0,0.0,0.0,0.0,0.0,0.0,0.0,0.0,0.0,0.0,0.0,0.0,0.0,0.0,0.0,0.0,0.0,0.02,0.0,0.0,0.0,0.0,0.0,0.0,0.07,0.01,0.0,0.0,0.0,0.0,0.0,0.01,0.0,0.0,0.0,0.01,0.0,0.0,0.0,0.0,0.1,0.0,0.0,0.0,0.0,0.02,0.0,0.0,0.0,0.0,0.01,0.0,0.01,0.0,0.0,0.0,0.0,0.0,0.0,0.0,0.01,0.0,0.0,0.0,0.02,0.02,0.0,0.0,0.02,0.0,0.01,0.0,0.0,0.0,0.0,0.0,0.01,0.0,0.0,0.0,0.0,0.04,0.0,0.0,0.01,0.01,0.0,0.0,0.0
Selhurst,0.02,0.0,0.0,0.0,0.0,0.0,0.0,0.0,0.0,0.0,0.0,0.0,0.0,0.0,0.0,0.0,0.0,0.0,0.0,0.0,0.0,0.0,0.02,0.0,0.0,0.0,0.0,0.0,0.04,0.02,0.0,0.0,0.0,0.02,0.0,0.06,0.0,0.0,0.0,0.0,0.0,0.0,0.0,0.0,0.0,0.0,0.0,0.0,0.0,0.0,0.0,0.0,0.0,0.0,0.0,0.0,0.0,0.0,0.0,0.0,0.0,0.0,0.0,0.0,0.0,0.0,0.0,0.0,0.0,0.0,0.0,0.0,0.0,0.0,0.02,0.02,0.0,0.0,0.0,0.02,0.0,0.0,0.1,0.0,0.02,0.02,0.0,0.0,0.0,0.0,0.0,0.0,0.0,0.04,0.0,0.0,0.0,0.0,0.0,0.0,0.0,0.0,0.0,0.0,0.0,0.0,0.02,0.0,0.0,0.0,0.0,0.0,0.02,0.0,0.0,0.02,0.0,0.0,0.0,0.0,0.0,0.0,0.0,0.0,0.0,0.0,0.0,0.0,0.1,0.0,0.0,0.0,0.0,0.02,0.0,0.0,0.0,0.06,0.0,0.02,0.0,0.0,0.0,0.0,0.12,0.0,0.0,0.0,0.0,0.0,0.0,0.0,0.0,0.02,0.0,0.0,0.0,0.0,0.0,0.0,0.0,0.02,0.0,0.0,0.0,0.0,0.0,0.0,0.0,0.06,0.0,0.0,0.0,0.0,0.0,0.0,0.0,0.0,0.0,0.02,0.0,0.04,0.04,0.0,0.0,0.0,0.0,0.0,0.0,0.0,0.0,0.0,0.0
South Norwood,0.02,0.0,0.0,0.0,0.0,0.0,0.0,0.0,0.0,0.0,0.0,0.0,0.0,0.0,0.0,0.0,0.0,0.0,0.0,0.0,0.0,0.0,0.02,0.0,0.0,0.0,0.0,0.0,0.04,0.02,0.0,0.0,0.0,0.02,0.0,0.06,0.0,0.0,0.0,0.0,0.0,0.0,0.0,0.0,0.0,0.0,0.0,0.0,0.0,0.0,0.0,0.0,0.0,0.0,0.0,0.0,0.0,0.0,0.0,0.0,0.0,0.0,0.0,0.0,0.0,0.0,0.0,0.0,0.0,0.0,0.0,0.0,0.0,0.0,0.02,0.02,0.0,0.0,0.0,0.02,0.0,0.0,0.1,0.0,0.02,0.02,0.0,0.0,0.0,0.0,0.0,0.0,0.0,0.04,0.0,0.0,0.0,0.0,0.0,0.0,0.0,0.0,0.0,0.0,0.0,0.0,0.02,0.0,0.0,0.0,0.0,0.0,0.02,0.0,0.0,0.02,0.0,0.0,0.0,0.0,0.0,0.0,0.0,0.0,0.0,0.0,0.0,0.0,0.1,0.0,0.0,0.0,0.0,0.02,0.0,0.0,0.0,0.06,0.0,0.02,0.0,0.0,0.0,0.0,0.12,0.0,0.0,0.0,0.0,0.0,0.0,0.0,0.0,0.02,0.0,0.0,0.0,0.0,0.0,0.0,0.0,0.02,0.0,0.0,0.0,0.0,0.0,0.0,0.0,0.06,0.0,0.0,0.0,0.0,0.0,0.0,0.0,0.0,0.0,0.02,0.0,0.04,0.04,0.0,0.0,0.0,0.0,0.0,0.0,0.0,0.0,0.0,0.0
Southend,0.0,0.0,0.0,0.0,0.0,0.0,0.0,0.0,0.0,0.0,0.0,0.0,0.014705882352941176,0.014705882352941176,0.0,0.0,0.0,0.0,0.0,0.0,0.0,0.0,0.0,0.0,0.014705882352941176,0.0,0.0,0.014705882352941176,0.058823529411764705,0.0,0.0,0.0,0.0,0.014705882352941176,0.014705882352941176,0.04411764705882353,0.0,0.0,0.0,0.0,0.0,0.0,0.0,0.0,0.0,0.0,0.014705882352941176,0.0,0.014705882352941176,0.0,0.0,0.0,0.0,0.0,0.0,0.0,0.0,0.0,0.0,0.04411764705882353,0.0,0.0,0.0,0.0,0.0,0.0,0.0,0.0,0.0,0.0,0.014705882352941176,0.0,0.0,0.0,0.0,0.0,0.0,0.0,0.0,0.0,0.0,0.014705882352941176,0.14705882352941177,0.0,0.014705882352941176,0.0,0.0,0.029411764705882353,0.0,0.0,0.0,0.0,0.0,0.0,0.0,0.0,0.014705882352941176,0.0,0.014705882352941176,0.0,0.04411764705882353,0.014705882352941176,0.0,0.0,0.0,0.0,0.0,0.0,0.0,0.0,0.0,0.0,0.0,0.0,0.0,0.0,0.0,0.0,0.0,0.0,0.0,0.0,0.0,0.0,0.0,0.0,0.0,0.0,0.08823529411764706,0.0,0.0,0.0,0.014705882352941176,0.014705882352941176,0.0,0.014705882352941176,0.0,0.029411764705882353,0.0,0.0,0.0,0.0,0.0,0.014705882352941176,0.04411764705882353,0.0,0.0,0.0,0.0,0.0,0.0,0.0,0.0,0.014705882352941176,0.0,0.0,0.0,0.014705882352941176,0.0,0.0,0.0,0.0,0.0,0.0,0.0,0.0,0.0,0.0,0.0,0.08823529411764706,0.0,0.0,0.0,0.0,0.0,0.014705882352941176,0.0,0.0,0.0,0.0,0.014705882352941176,0.029411764705882353,0.0,0.014705882352941176,0.0,0.0,0.014705882352941176,0.0,0.0,0.0,0.0,0.0,0.0
St Johns,0.0,0.0,0.0,0.0,0.0,0.0,0.0,0.0,0.0,0.0,0.0,0.0,0.02,0.03,0.0,0.0,0.0,0.02,0.0,0.0,0.0,0.0,0.01,0.02,0.0,0.0,0.0,0.0,0.07,0.0,0.0,0.0,0.0,0.0,0.03,0.12,0.0,0.0,0.01,0.0,0.0,0.0,0.0,0.0,0.02,0.0,0.0,0.0,0.0,0.0,0.0,0.0,0.0,0.0,0.0,0.0,0.0,0.0,0.01,0.0,0.02,0.0,0.0,0.0,0.0,0.0,0.03,0.0,0.01,0.0,0.0,0.0,0.0,0.01,0.0,0.03,0.0,0.0,0.0,0.0,0.01,0.0,0.01,0.0,0.02,0.0,0.0,0.0,0.0,0.0,0.0,0.0,0.0,0.01,0.01,0.0,0.02,0.01,0.0,0.0,0.03,0.0,0.0,0.0,0.0,0.0,0.0,0.0,0.01,0.0,0.01,0.0,0.01,0.0,0.0,0.0,0.0,0.0,0.0,0.0,0.0,0.0,0.0,0.0,0.0,0.0,0.0,0.01,0.06,0.01,0.0,0.0,0.0,0.0,0.0,0.02,0.0,0.0,0.0,0.0,0.0,0.0,0.0,0.0,0.15,0.0,0.0,0.0,0.0,0.02,0.0,0.0,0.0,0.01,0.01,0.0,0.0,0.0,0.0,0.0,0.0,0.0,0.0,0.01,0.0,0.01,0.0,0.0,0.01,0.02,0.0,0.0,0.0,0.0,0.0,0.01,0.0,0.0,0.0,0.0,0.0,0.01,0.0,0.02,0.01,0.0,0.0,0.0,0.0,0.0,0.0,0.0,0.0
Surrey Quays,0.0,0.01,0.01,0.0,0.0,0.01,0.0,0.0,0.0,0.0,0.01,0.0,0.02,0.04,0.0,0.04,0.0,0.0,0.0,0.0,0.0,0.01,0.01,0.08,0.0,0.0,0.0,0.0,0.05,0.0,0.01,0.01,0.01,0.0,0.02,0.06,0.0,0.0,0.0,0.0,0.0,0.0,0.0,0.0,0.01,0.0,0.0,0.0,0.0,0.01,0.0,0.0,0.0,0.02,0.0,0.02,0.0,0.01,0.01,0.0,0.0,0.0,0.0,0.0,0.0,0.0,0.03,0.0,0.01,0.01,0.0,0.0,0.0,0.0,0.0,0.0,0.0,0.0,0.0,0.0,0.0,0.0,0.0,0.0,0.02,0.0,0.01,0.0,0.0,0.0,0.0,0.0,0.0,0.01,0.0,0.0,0.0,0.0,0.0,0.0,0.02,0.0,0.0,0.0,0.0,0.0,0.0,0.0,0.0,0.0,0.0,0.0,0.0,0.0,0.0,0.0,0.0,0.0,0.0,0.0,0.0,0.02,0.0,0.0,0.0,0.0,0.0,0.0,0.07,0.01,0.0,0.0,0.0,0.0,0.0,0.01,0.0,0.0,0.0,0.01,0.0,0.0,0.0,0.0,0.1,0.0,0.0,0.0,0.0,0.02,0.0,0.0,0.0,0.0,0.01,0.0,0.01,0.0,0.0,0.0,0.0,0.0,0.0,0.0,0.01,0.0,0.0,0.0,0.02,0.02,0.0,0.0,0.02,0.0,0.01,0.0,0.0,0.0,0.0,0.0,0.01,0.0,0.0,0.0,0.0,0.04,0.0,0.0,0.01,0.01,0.0,0.0,0.0
Tulse Hill,0.0,0.0,0.0,0.0,0.0,0.01,0.0,0.0,0.005,0.0,0.0,0.01,0.035,0.01,0.0,0.01,0.0,0.01,0.0,0.0,0.0,0.0,0.005,0.035,0.0,0.01,0.005,0.0,0.055,0.01,0.005,0.005,0.0,0.0,0.02,0.095,0.0,0.0,0.0,0.0,0.005,0.0,0.005,0.0,0.005,0.0,0.0,0.0,0.005,0.0,0.0,0.005,0.0,0.01,0.0,0.0,0.0,0.0,0.01,0.0,0.01,0.0,0.0,0.0,0.005,0.005,0.0,0.0,0.0,0.0,0.0,0.0,0.005,0.015,0.0,0.005,0.0,0.0,0.005,0.0,0.0,0.0,0.035,0.0,0.025,0.0,0.0,0.0,0.0,0.0,0.005,0.0,0.0,0.01,0.0,0.005,0.015,0.01,0.0,0.0,0.02,0.005,0.0,0.0,0.0,0.005,0.0,0.0,0.0,0.0,0.0,0.02,0.0,0.0,0.005,0.0,0.005,0.0,0.0,0.01,0.0,0.01,0.005,0.005,0.0,0.005,0.0,0.0,0.04,0.005,0.0,0.0,0.0,0.015,0.0,0.04,0.0,0.0,0.005,0.0,0.0,0.005,0.0,0.015,0.09,0.0,0.005,0.005,0.005,0.015,0.0,0.0,0.0,0.01,0.0,0.0,0.0,0.0,0.0,0.0,0.0,0.0,0.0,0.0,0.005,0.0,0.005,0.005,0.0,0.015,0.005,0.0,0.015,0.0,0.0,0.0,0.0,0.0,0.0,0.0,0.0,0.01,0.0,0.0,0.02,0.005,0.005,0.005,0.005,0.005,0.0,0.01,0.0
Upper Norwood,0.01,0.0,0.01,0.0,0.0,0.0,0.0,0.0,0.0,0.01,0.0,0.0,0.03,0.01,0.0,0.0,0.0,0.0,0.01,0.0,0.01,0.0,0.02,0.01,0.0,0.0,0.01,0.0,0.05,0.0,0.0,0.0,0.0,0.0,0.01,0.07,0.0,0.0,0.0,0.0,0.0,0.0,0.0,0.0,0.0,0.0,0.0,0.01,0.0,0.0,0.0,0.0,0.0,0.0,0.0,0.0,0.0,0.01,0.01,0.01,0.0,0.0,0.01,0.0,0.0,0.0,0.0,0.02,0.0,0.0,0.0,0.0,0.01,0.01,0.01,0.03,0.0,0.0,0.0,0.0,0.0,0.0,0.03,0.0,0.01,0.0,0.0,0.0,0.01,0.0,0.01,0.0,0.0,0.0,0.0,0.0,0.01,0.0,0.0,0.0,0.05,0.01,0.0,0.0,0.0,0.01,0.02,0.01,0.0,0.0,0.0,0.0,0.0,0.0,0.0,0.0,0.0,0.0,0.0,0.02,0.0,0.0,0.01,0.0,0.0,0.0,0.01,0.0,0.06,0.01,0.01,0.0,0.0,0.01,0.0,0.01,0.0,0.01,0.01,0.0,0.0,0.0,0.0,0.01,0.12,0.01,0.0,0.01,0.01,0.01,0.0,0.0,0.0,0.01,0.0,0.01,0.0,0.0,0.0,0.0,0.0,0.0,0.0,0.0,0.01,0.0,0.0,0.0,0.0,0.02,0.0,0.0,0.0,0.0,0.01,0.0,0.0,0.0,0.0,0.0,0.0,0.03,0.0,0.01,0.0,0.01,0.0,0.0,0.0,0.0,0.0,0.0,0.0
Walworth,0.01,0.0,0.0,0.0,0.0,0.03,0.0,0.01,0.0,0.0,0.0,0.0,0.02,0.01,0.0,0.02,0.0,0.0,0.01,0.0,0.0,0.0,0.0,0.02,0.0,0.01,0.0,0.0,0.1,0.0,0.0,0.0,0.0,0.0,0.02,0.09,0.0,0.0,0.0,0.01,0.0,0.01,0.0,0.01,0.0,0.0,0.0,0.0,0.0,0.0,0.0,0.0,0.0,0.0,0.01,0.0,0.01,0.01,0.01,0.0,0.0,0.0,0.0,0.0,0.0,0.0,0.0,0.0,0.02,0.0,0.0,0.0,0.02,0.0,0.0,0.02,0.02,0.0,0.0,0.0,0.0,0.0,0.01,0.01,0.0,0.0,0.0,0.0,0.0,0.0,0.01,0.0,0.01,0.01,0.0,0.0,0.0,0.0,0.0,0.0,0.05,0.0,0.0,0.0,0.0,0.0,0.0,0.0,0.0,0.0,0.0,0.0,0.0,0.0,0.01,0.0,0.01,0.0,0.0,0.0,0.01,0.01,0.0,0.0,0.0,0.0,0.0,0.0,0.05,0.01,0.0,0.01,0.0,0.0,0.01,0.03,0.0,0.0,0.0,0.01,0.0,0.0,0.0,0.01,0.11,0.0,0.0,0.0,0.0,0.0,0.0,0.0,0.0,0.0,0.0,0.0,0.01,0.0,0.0,0.0,0.0,0.0,0.01,0.0,0.0,0.0,0.0,0.0,0.02,0.0,0.0,0.0,0.02,0.0,0.0,0.03,0.0,0.0,0.0,0.0,0.0,0.0,0.0,0.0,0.0,0.01,0.0,0.0,0.01,0.0,0.01,0.0,0.0
West Norwood,0.0,0.0,0.0,0.0,0.0,0.01,0.0,0.0,0.01,0.0,0.0,0.0,0.04,0.01,0.0,0.0,0.0,0.01,0.0,0.0,0.0,0.0,0.01,0.03,0.0,0.0,0.01,0.0,0.06,0.0,0.0,0.01,0.0,0.0,0.0,0.09,0.0,0.0,0.0,0.0,0.0,0.0,0.0,0.0,0.01,0.0,0.0,0.0,0.01,0.0,0.0,0.0,0.0,0.01,0.0,0.0,0.0,0.0,0.01,0.0,0.02,0.0,0.0,0.0,0.0,0.0,0.0,0.0,0.0,0.0,0.0,0.0,0.01,0.02,0.0,0.0,0.0,0.0,0.01,0.0,0.0,0.0,0.07,0.0,0.03,0.0,0.0,0.0,0.0,0.0,0.0,0.0,0.0,0.01,0.0,0.0,0.02,0.0,0.0,0.0,0.02,0.0,0.0,0.0,0.0,0.01,0.0,0.0,0.0,0.0,0.0,0.0,0.0,0.0,0.0,0.0,0.0,0.0,0.0,0.02,0.0,0.0,0.01,0.0,0.0,0.0,0.0,0.0,0.04,0.01,0.0,0.0,0.0,0.03,0.0,0.03,0.0,0.0,0.0,0.0,0.0,0.0,0.0,0.02,0.12,0.0,0.0,0.01,0.01,0.0,0.0,0.0,0.0,0.02,0.0,0.0,0.0,0.0,0.0,0.0,0.0,0.0,0.0,0.0,0.01,0.0,0.0,0.0,0.0,0.03,0.01,0.0,0.01,0.0,0.0,0.0,0.0,0.0,0.0,0.0,0.0,0.02,0.0,0.0,0.01,0.01,0.01,0.0,0.01,0.01,0.0,0.0,0.0
